brand,product_links
sephora-collection,https://www.sephora.com/product/retractable-brow-pencil-waterproof-P286513?skuId=2377257&icid2=products
sephora-collection,https://www.sephora.com/product/retractable-waterproof-eyeliner-P230234?icid2=products
sephora-collection,https://www.sephora.com/product/cream-lip-stain-liquid-lipstick-P281411?icid2=products
sephora-collection,https://www.sephora.com/product/cream-lip-shine-P443317?icid2=products
sephora-collection,https://www.sephora.com/product/sephora-collection-best-skin-ever-liquid-foundation-P467140?icid2=products
sephora-collection,https://www.sephora.com/product/10-hr-wear-perfection-foundation-P379509?icid2=products
sephora-collection,https://www.sephora.com/product/matte-perfection-powder-foundation-P408606?icid2=products
sephora-collection,https://www.sephora.com/product/face-mask-P429722?icid2=products
sephora-collection,https://www.sephora.com/product/waterproof-contour-eye-pencil-P377784?icid2=products
sephora-collection,https://www.sephora.com/product/cleansing-exfoliating-wipes-P409800?icid2=products
sephora-collection,https://www.sephora.com/product/colorful-shadow-P430932?icid2=products
sephora-collection,https://www.sephora.com/product/ultra-glow-serum-glow-strengthen-vitamin-c-serum-P442594?icid2=products
sephora-favorites,https://www.sephora.com/product/sephora-favorites-sun-safety-kit-P470250?icid2=products
sephora-favorites,https://www.sephora.com/product/sephora-favorites-mother-s-day-coffret-perfume-set-P470052?icid2=products
sephora-favorites,https://www.sephora.com/product/sephora-favorites-clean-me-up-set-P467041?icid2=products
sephora-favorites,https://www.sephora.com/product/sephora-favorites-men-s-cologne-sampler-set-P470050?icid2=products
sephora-favorites,https://www.sephora.com/product/sephora-favorites-vacay-all-day-set-P469881?icid2=products
sephora-favorites,https://www.sephora.com/product/sephora-favorites-lashstash-to-go-P467040?icid2=products
sephora-favorites,https://www.sephora.com/product/sephora-favorites-bestselling-beachy-perfume-sampler-set-P470054?icid2=products
sephora-favorites,https://www.sephora.com/product/sephora-collection-treat-yourself-deluxe-perfume-sampler-P467654?icid2=products
sephora-favorites,https://www.sephora.com/product/sephora-favorites-give-me-some-balm-set-P467042?icid2=products
sephora-favorites,https://www.sephora.com/product/sephora-favorites-bestselling-aquatic-perfume-sampler-set-P470053?icid2=products
sephora-favorites,https://www.sephora.com/product/sephora-favorites-hello-beauty-gems-P471091?icid2=products
shani-darden,https://www.sephora.com/product/shani-darden-retinol-reform-P455926?icid2=products
shani-darden,https://www.sephora.com/product/shani-darden-facial-sculpting-wand-P471097?icid2=products
shani-darden,https://www.sephora.com/product/shani-darden-intensive-eye-renewal-cream-with-firming-peptides-P467973?icid2=products
shani-darden,https://www.sephora.com/product/shani-darden-shani-s-retinol-routine-kit-P470055?icid2=products
shani-darden,https://www.sephora.com/product/shani-darden-retinol-reform-mini-P455927?icid2=products
shani-darden,https://www.sephora.com/product/shani-darden-texture-reform-P455928?icid2=products
shani-darden,https://www.sephora.com/product/shani-darden-sake-toning-essence-P455931?icid2=products
shani-darden,https://www.sephora.com/product/shani-darden-weightless-oil-free-moisturizer-P455930?icid2=products
shani-darden,https://www.sephora.com/product/shani-darden-cleansing-serum-P455929?icid2=products
shiseido,https://www.sephora.com/product/shiseido-urban-environment-daily-protection-spf-set-P468403?icid2=products
shiseido,https://www.sephora.com/product/shiseido-active-play-sun-protector-set-P469030?icid2=products
shiseido,https://www.sephora.com/product/shiseido-benefiance-wrinkle-smoothing-eye-cream-duo-P458211?icid2=products
shiseido,https://www.sephora.com/product/urban-environment-oil-free-uv-protector-broad-spectrum-spf-42-for-face-P307405?icid2=products
shiseido,https://www.sephora.com/product/eyelash-curler-P244437?icid2=products
shiseido,https://www.sephora.com/product/benefiance-wrinkle-smoothing-eye-cream-P448203?icid2=products
shiseido,https://www.sephora.com/product/shiseido-ultimate-sun-protector-lotion-spf-50-sunscreen-P456398?icid2=products
shiseido,https://www.sephora.com/product/benefiance-wrinkleresist24-pure-retinol-express-soothing-eye-mask-P173619?icid2=products
shiseido,https://www.sephora.com/product/facial-cotton-P173726?icid2=products
shiseido,https://www.sephora.com/product/ultimune-power-infusing-concentrate-P432834?icid2=products
shiseido,https://www.sephora.com/product/shiseido-benefiance-wrinkle-smoothing-ritual-set-P468404?icid2=products
shiseido,https://www.sephora.com/product/benefiance-wrinkle-smoothing-day-cream-broad-spectrum-spf-23-P448201?icid2=products
shu-uemura,https://www.sephora.com/product/essence-absolue-nourishing-protective-oil-P403913?icid2=products
shu-uemura,https://www.sephora.com/product/shu-uemura-yubi-blonde-anti-brass-purple-shampoo-blonde-hair-P469216?icid2=products
shu-uemura,https://www.sephora.com/product/essence-absolue-nourishing-taming-overnight-serum-P430127?icid2=products
shu-uemura,https://www.sephora.com/product/ultimate-reset-mask-treatment-P434206?icid2=products
shu-uemura,https://www.sephora.com/product/urban-moisture-hydro-nourishing-treatment-P414027?icid2=products
shu-uemura,https://www.sephora.com/product/shu-uemura-yubi-blonde-anti-brass-purple-mask-blonde-hair-P469215?icid2=products
shu-uemura,https://www.sephora.com/product/shu-uemura-essence-absolue-nourishing-protective-oil-travel-size-P453923?icid2=products
shu-uemura,https://www.sephora.com/product/color-lustre-brilliant-glaze-shampoo-for-color-treated-hair-P403936?icid2=products
shu-uemura,https://www.sephora.com/product/silk-bloom-restorative-treatment-for-damaged-hair-P403930?icid2=products
shu-uemura,https://www.sephora.com/product/shu-uemura-ultimate-reset-strengthening-shampoo-conditioner-set-for-damaged-hair-P470563?icid2=products
shu-uemura,https://www.sephora.com/product/shu-uemura-yubi-blonde-nourishing-conditioner-blonde-hair-P469217?icid2=products
shu-uemura,https://www.sephora.com/product/shu-uemura-color-lustre-sulfate-free-shampoo-conditioner-set-for-color-treated-hair-P470564?icid2=products
sk-ii,https://www.sephora.com/product/facial-treatment-essence-P375849?icid2=products
sk-ii,https://www.sephora.com/product/sk-ii-tokyo-girls-kokeshi-dolls-P469534?icid2=products
sk-ii,https://www.sephora.com/product/facial-treatment-mask-P375852?icid2=products
sk-ii,https://www.sephora.com/product/pitera-first-experience-kit-P447773?icid2=products
sk-ii,https://www.sephora.com/product/facial-treatment-essence-mini-P426183?icid2=products
sk-ii,https://www.sephora.com/product/genoptics-aura-essence-P410756?icid2=products
sk-ii,https://www.sephora.com/product/facial-treatment-clear-lotion-P375853?icid2=products
sk-ii,https://www.sephora.com/product/sk-ii-skinpower-cream-P468411?icid2=products
sk-ii,https://www.sephora.com/product/sk-ii-pitera-rna-power-set-P468412?icid2=products
sk-ii,https://www.sephora.com/product/facial-treatment-cleanser-P375850?icid2=products
sk-ii,https://www.sephora.com/product/ultimate-revival-cream-P375854?icid2=products
sk-ii,https://www.sephora.com/product/genoptics-spot-essence-P410755?icid2=products
skin-laundry,https://www.sephora.com/product/wrinkle-release-facial-sheet-mask-P416589?icid2=products
skin-laundry,https://www.sephora.com/product/gentle-foaming-face-wash-P416312?icid2=products
skin-laundry,https://www.sephora.com/product/wrinkle-release-neck-chest-sheet-mask-P416588?icid2=products
skinfix,https://www.sephora.com/product/barrier-lipid-peptide-cream-P442840?icid2=products
skinfix,https://www.sephora.com/product/resurface-aha-renewing-cream-P442845?icid2=products
skinfix,https://www.sephora.com/product/barrier-lipid-boost-360-eye-P442838?icid2=products
skinfix,https://www.sephora.com/product/resurface-glycolic-renewing-scrub-P442844?icid2=products
skinfix,https://www.sephora.com/product/barrier-lipid-peptide-lotion-P442839?icid2=products
skinfix,https://www.sephora.com/product/barrier-foaming-oil-cleanser-P442836?icid2=products
skinfix,https://www.sephora.com/product/eczema-hand-repair-cream-P442842?icid2=products
skinfix,https://www.sephora.com/product/barrier-lipid-boost-body-cream-P450599?icid2=products
skinfix,https://www.sephora.com/product/barrier-lipid-boost-jelly-P442837?icid2=products
skinfix,https://www.sephora.com/product/redness-recovery-antioxidant-redness-treatment-overnight-mask-P442850?icid2=products
skinfix,https://www.sephora.com/product/eczema-dermatitis-face-balm-P442843?icid2=products
skinfix,https://www.sephora.com/product/eczema-extra-strength-body-cream-P442846?icid2=products
skylar,https://www.sephora.com/product/skylar-salt-air-eau-de-parfum-P456975?icid2=products
skylar,https://www.sephora.com/product/perfume-palette-P447525?icid2=products
skylar,https://www.sephora.com/product/skylar-vanilla-sky-eau-de-toilette-P467146?icid2=products
skylar,https://www.sephora.com/product/skylar-salt-air-eau-de-parfum-rollerball-P456976?icid2=products
skylar,https://www.sephora.com/product/isle-eau-de-toilette-P447536?icid2=products
skylar,https://www.sephora.com/product/skylar-sun-shower-soothing-hand-sanitizer-gel-P462740?icid2=products
skylar,https://www.sephora.com/product/capri-eau-de-toilette-P447530?icid2=products
skylar,https://www.sephora.com/product/skylar-vanilla-sky-eau-de-toilette-rollerball-P467147?icid2=products
skylar,https://www.sephora.com/product/skylar-sun-shower-soothing-mini-hand-sanitizer-gel-P466444?icid2=products
skylar,https://www.sephora.com/product/skylar-sun-shower-eau-de-toilette-P461201?icid2=products
skylar,https://www.sephora.com/product/meadow-eau-de-toilette-P447533?icid2=products
skylar,https://www.sephora.com/product/isle-eau-de-toilette-rollerball-P447535?icid2=products
slip,https://www.sephora.com/product/silk-pillowcase-standard-queen-P402944?icid2=products
slip,https://www.sephora.com/product/small-slipsilk-scrunchies-P431718?icid2=products
slip,https://www.sephora.com/product/silk-pillowcase-king-P402943?icid2=products
slip,https://www.sephora.com/product/silk-sleepmask-P402942?icid2=products
slip,https://www.sephora.com/product/slip-scrunchie-mega-value-pack-P468413?icid2=products
slip,https://www.sephora.com/product/large-slipsilk-scrunchies-P430325?icid2=products
slip,https://www.sephora.com/product/slip-reusable-face-covering-P467264?icid2=products
slip,https://www.sephora.com/product/slip-pure-silk-turban-P454754?icid2=products
slip,https://www.sephora.com/product/silk-pillowcase-duo-scrunchies-kit-P444163?icid2=products
slip,https://www.sephora.com/product/medium-slipsilk-tm-scrunchies-P446866?icid2=products
slip,https://www.sephora.com/product/beauty-sleep-to-go-P430959?icid2=products
slip,https://www.sephora.com/product/pure-silk-headband-P441823?icid2=products
smashbox,https://www.sephora.com/product/photo-finish-foundation-primer-P9889?icid2=products
smashbox,https://www.sephora.com/product/studio-skin-15-hour-wear-foundation-P292403?icid2=products
smashbox,https://www.sephora.com/product/always-on-matte-liquid-lipstick-P409317?icid2=products
smashbox,https://www.sephora.com/product/smashbox-halo-healthy-glow-tinted-moisturizer-broad-spectrum-spf-25-P460019?icid2=products
smashbox,https://www.sephora.com/product/cali-contour-palette-P429909?icid2=products
smashbox,https://www.sephora.com/product/smashbox-photo-finish-vitamin-glow-primer-P456373?icid2=products
smashbox,https://www.sephora.com/product/photo-finish-oil-shine-control-primer-P447362?icid2=products
smashbox,https://www.sephora.com/product/step-by-step-contour-kit-P387426?icid2=products
smashbox,https://www.sephora.com/product/photo-finish-color-correcting-foundation-primer-P78811?icid2=products
smashbox,https://www.sephora.com/product/always-sharp-waterproof-kohl-liner-P380998?icid2=products
smashbox,https://www.sephora.com/product/smashbox-halo-fresh-perfecting-powder-foundation-P456374?icid2=products
smashbox,https://www.sephora.com/product/iconic-photo-finish-foundation-primer-mini-P422463?icid2=products
sobel-skincare-rx,https://www.sephora.com/product/sobel-skin-rx-4-5-retinol-night-treatment-P447213?icid2=products
sobel-skincare-rx,https://www.sephora.com/product/sobel-skin-rx-bio-hyaluronic-moisturizing-cream-P451749?icid2=products
sobel-skincare-rx,https://www.sephora.com/product/sobel-skin-rx-35-vitamin-c-face-serum-P451746?icid2=products
sobel-skincare-rx,https://www.sephora.com/product/sobel-skin-rx-plant-stem-cell-day-cream-spf-30-P451747?icid2=products
sobel-skincare-rx,https://www.sephora.com/product/sobel-skin-rx-30-glycolic-acid-peel-P451745?icid2=products
sobel-skincare-rx,https://www.sephora.com/product/sobel-skin-rx-15-niacinamide-gel-serum-P451748?icid2=products
sobel-skincare-rx,https://www.sephora.com/product/sobel-skin-rx-27-glycolic-acid-facial-cleanser-P451744?icid2=products
sobel-skincare-rx,https://www.sephora.com/product/sobel-skin-rx-triple-oligo-peptide-eye-cream-P451750?icid2=products
sol-de-janeiro,https://www.sephora.com/product/brazilian-bum-bum-cream-P406080?icid2=products
sol-de-janeiro,https://www.sephora.com/product/sol-de-janeiro-bom-dia-bright-body-cream-P470125?icid2=products
sol-de-janeiro,https://www.sephora.com/product/bum-bum-jet-set-P444048?icid2=products
sol-de-janeiro,https://www.sephora.com/product/brazilian-crush-body-fragrance-mist-P417312?icid2=products
sol-de-janeiro,https://www.sephora.com/product/brazilian-crush-body-fragrance-mist-mini-P421481?icid2=products
sol-de-janeiro,https://www.sephora.com/product/sol-de-janeiro-mini-bom-dia-bright-body-cream-P470126?icid2=products
sol-de-janeiro,https://www.sephora.com/product/brazilian-bum-bum-cream-mini-P425318?icid2=products
sol-de-janeiro,https://www.sephora.com/product/brazilian-4-play-moisturizing-shower-cream-gel-P411862?icid2=products
sol-de-janeiro,https://www.sephora.com/product/coco-cabana-body-cream-P448211?icid2=products
sol-de-janeiro,https://www.sephora.com/product/sol-de-janeiro-sol-cheirosa-62-eau-de-parfum-P456223?icid2=products
sol-de-janeiro,https://www.sephora.com/product/sol-de-janeiro-bum-bum-body-scrub-P459306?icid2=products
sol-de-janeiro,https://www.sephora.com/product/sol-de-janeiro-brazilian-joia-strengthening-smoothing-shampoo-conditioner-set-P454098?icid2=products
st-tropez-tanning-essentials,https://www.sephora.com/product/st-tropez-tanning-essentials-st-tropez-x-ashley-graham-ultimate-glow-mousse-kit-P469541?icid2=products
st-tropez-tanning-essentials,https://www.sephora.com/product/self-tan-purity-bronzing-water-face-mist-P432262?icid2=products
st-tropez-tanning-essentials,https://www.sephora.com/product/self-tan-classic-bronzing-mousse-P407450?icid2=products
st-tropez-tanning-essentials,https://www.sephora.com/product/self-tan-express-bronzing-mousse-P407448?icid2=products
st-tropez-tanning-essentials,https://www.sephora.com/product/st-tropez-tanning-essentials-double-sided-luxe-tan-applicator-mitt-P456400?icid2=products
st-tropez-tanning-essentials,https://www.sephora.com/product/st-tropez-tanning-essentials-self-tan-purity-vitamins-bronzing-water-body-mist-P456206?icid2=products
st-tropez-tanning-essentials,https://www.sephora.com/product/gradual-tan-watermelon-infusion-body-lotion-P442746?icid2=products
st-tropez-tanning-essentials,https://www.sephora.com/product/gradual-tan-everyday-tinted-body-lotion-P407202?icid2=products
st-tropez-tanning-essentials,https://www.sephora.com/product/self-tan-purity-bronzing-water-mousse-P429683?icid2=products
st-tropez-tanning-essentials,https://www.sephora.com/product/st-tropez-tanning-essentials-purity-tanning-waters-mini-kit-P456204?icid2=products
st-tropez-tanning-essentials,https://www.sephora.com/product/self-tan-dark-bronzing-mousse-P407452?icid2=products
st-tropez-tanning-essentials,https://www.sephora.com/product/gradual-tan-classic-everyday-mousse-P409603?icid2=products
stacked-skincare,https://www.sephora.com/product/dermaplaning-tool-P441054?icid2=products
stacked-skincare,https://www.sephora.com/product/stacked-skincare-dermaplaning-starter-set-P462894?icid2=products
stacked-skincare,https://www.sephora.com/product/dermaplaning-tool-refill-trio-P441046?icid2=products
stacked-skincare,https://www.sephora.com/product/microneedling-tool-2-0-P441049?icid2=products
stacked-skincare,https://www.sephora.com/product/hyaluronic-acid-champaca-hydrating-serum-P441053?icid2=products
stacked-skincare,https://www.sephora.com/product/hydrating-lip-peel-P446907?icid2=products
stacked-skincare,https://www.sephora.com/product/microneedling-tool-2-0-roller-head-twin-pack-P441050?icid2=products
stacked-skincare,https://www.sephora.com/product/egf-activating-serum-P441051?icid2=products
stila,https://www.sephora.com/product/stay-all-day-waterproof-liquid-eye-liner-P253818?icid2=products
stila,https://www.sephora.com/product/magnificent-metals-glitter-glow-liquid-eye-shadow-P63087293?icid2=products
stila,https://www.sephora.com/product/shimmer-glow-liquid-eye-shadow-P427385?icid2=products
stila,https://www.sephora.com/product/correct-perfect-all-in-one-color-correcting-palette-P406281?icid2=products
stila,https://www.sephora.com/product/smudge-stick-waterproof-eye-liner-P261621?icid2=products
stila,https://www.sephora.com/product/one-step-correct-P269019?icid2=products
stila,https://www.sephora.com/product/stay-all-day-waterproof-liquid-eye-liner-micro-tip-P429008?icid2=products
stila,https://www.sephora.com/product/stila-stay-all-day-dual-ended-waterproof-liquid-eye-liner-P466152?icid2=products
stila,https://www.sephora.com/product/huge-extreme-lash-mascara-P397901?icid2=products
sulwhasoo,https://www.sephora.com/product/sulwhasoo-first-care-activating-serum-ad-P469538?icid2=products
sulwhasoo,https://www.sephora.com/product/sulwhasoo-bestseller-trial-kit-P469537?icid2=products
sulwhasoo,https://www.sephora.com/product/concentrated-ginseng-renewing-cream-P448926?icid2=products
sulwhasoo,https://www.sephora.com/product/gentle-cleansing-oil-P450633?icid2=products
sulwhasoo,https://www.sephora.com/product/gentle-cleansing-foam-P450632?icid2=products
sulwhasoo,https://www.sephora.com/product/essential-firming-cream-P448925?icid2=products
sulwhasoo,https://www.sephora.com/product/concentrated-ginseng-renewing-eye-cream-P448928?icid2=products
sulwhasoo,https://www.sephora.com/product/concentrated-ginseng-renewing-serum-P448922?icid2=products
sulwhasoo,https://www.sephora.com/product/sulwhasoo-concentrated-ginseng-renewing-cream-light-P454775?icid2=products
sulwhasoo,https://www.sephora.com/product/essential-balancing-water-P448918?icid2=products
sulwhasoo,https://www.sephora.com/product/first-care-activating-mask-P450631?icid2=products
sulwhasoo,https://www.sephora.com/product/essential-balancing-emulsion-P448923?icid2=products
summer-fridays,https://www.sephora.com/product/cc-me-vitamin-c-serum-P449180?icid2=products
summer-fridays,https://www.sephora.com/product/summer-fridays-cloud-dew-oil-free-gel-cream-P466153?icid2=products
summer-fridays,https://www.sephora.com/product/summer-fridays-lip-butter-balm-P455936?icid2=products
summer-fridays,https://www.sephora.com/product/summer-fridays-summer-skin-nourishing-body-lotion-P469189?icid2=products
summer-fridays,https://www.sephora.com/product/overtime-mask-P436387?icid2=products
summer-fridays,https://www.sephora.com/product/summer-fridays-soft-reset-aha-exfoliating-solution-P462745?icid2=products
summer-fridays,https://www.sephora.com/product/summer-fridays-super-amino-gel-cleanser-P455242?icid2=products
summer-fridays,https://www.sephora.com/product/r-r-mask-P440504?icid2=products
sunday-riley,https://www.sephora.com/product/good-genes-all-in-one-lactic-acid-treatment-P309308?icid2=products
sunday-riley,https://www.sephora.com/product/c-e-o-rapid-flash-brightening-serum-P418346?icid2=products
sunday-riley,https://www.sephora.com/product/sunday-riley-go-to-bed-with-me-evening-routine-kit-P463966?icid2=products
sunday-riley,https://www.sephora.com/product/luna-sleeping-night-oil-P393718?skuId=1681881&icid2=products
sunday-riley,https://www.sephora.com/product/a-high-dose-retinoid-serum-P440075?icid2=products
sunday-riley,https://www.sephora.com/product/sunday-riley-wake-up-with-me-morning-routine-kit-P463965?icid2=products
sunday-riley,https://www.sephora.com/product/c-e-o-glow-vitamin-c-turmeric-face-oil-P442761?icid2=products
sunday-riley,https://www.sephora.com/product/sunday-riley-good-genes-win-win-duo-P457284?icid2=products
sunday-riley,https://www.sephora.com/product/tidal-brightening-enzyme-water-cream-P406938?icid2=products
sunday-riley,https://www.sephora.com/product/u-f-o-ultra-clarifying-face-oil-P410400?icid2=products
sunday-riley,https://www.sephora.com/product/c-e-o-c-e-antioxidant-protect-repair-moisturizer-P416139?icid2=products
sunday-riley,https://www.sephora.com/product/auto-correct-brightening-depuffing-eye-contour-cream-P424948?icid2=products
supergoop,https://www.sephora.com/product/supergoop-unseen-sunscreen-spf-40-P454380?icid2=products
supergoop,https://www.sephora.com/product/supergoop-glowscreen-sunscreen-spf-40-P456218?icid2=products
supergoop,https://www.sephora.com/product/supergoop-play-everyday-lotion-spf-50-with-sunflower-extract-P454383?icid2=products
supergoop,https://www.sephora.com/product/supergoop-daily-dose-vitamin-c-spf-40-P466154?icid2=products
supergoop,https://www.sephora.com/product/supergoop-mineral-sheerscreen-spf-30-pa-P470057?icid2=products
supergoop,https://www.sephora.com/product/supergoop-mini-unseen-sunscreen-spf-40-pa-P470255?icid2=products
supergoop,https://www.sephora.com/product/supergoop-re-setting-100-mineral-powder-spf-35-pa-P467976?skuId=2421600&icid2=products
supergoop,https://www.sephora.com/product/supergoop-jet-set-spf-from-head-to-toe-kit-P470254?icid2=products
supergoop,https://www.sephora.com/product/supergoop-glowscreen-body-spf-40-pa-P470058?icid2=products
supergoop,https://www.sephora.com/product/superscreen-daily-moisturizer-broad-spectrum-spf-40-pa-P439928?icid2=products
supergoop,https://www.sephora.com/product/supergoop-glow-oil-spf-50-P454387?skuId=2322782&icid2=products
supergoop,https://www.sephora.com/product/supergoop-cc-screen-100-mineral-cc-cream-spf-50-pa-P463353?icid2=products
surratt-beauty,https://www.sephora.com/product/lipslique-P394178?icid2=products
surratt-beauty,https://www.sephora.com/product/surreal-real-skin-foundation-wand-P407377?icid2=products
surratt-beauty,https://www.sephora.com/product/surreal-skin-concealer-P394166?icid2=products
surratt-beauty,https://www.sephora.com/product/lip-lustre-P394180?icid2=products
surratt-beauty,https://www.sephora.com/product/lid-lacquer-P432840?icid2=products
surratt-beauty,https://www.sephora.com/product/artistique-eyeshadow-P394175?skuId=1672682&icid2=products
surratt-beauty,https://www.sephora.com/product/la-baton-rouge-lipstick-P425734?icid2=products
surratt-beauty,https://www.sephora.com/product/perfectionniste-concealer-palette-P439024?skuId=2142180&icid2=products
surratt-beauty,https://www.sephora.com/product/prismatique-lips-P402704?icid2=products
surratt-beauty,https://www.sephora.com/product/smoky-eye-baton-P394174?skuId=1923176&icid2=products
surratt-beauty,https://www.sephora.com/product/automatique-lip-crayon-P394179?icid2=products
surratt-beauty,https://www.sephora.com/product/artistique-brush-applicator-P432839?icid2=products
t3,https://www.sephora.com/product/t3-lucea-1-hair-straightener-P458506?icid2=products
t3,https://www.sephora.com/product/singlepass-curl-1-professional-curling-iron-P445425?icid2=products
t3,https://www.sephora.com/product/t3-lucea-id-1-smart-flat-iron-with-touch-interface-P463354?icid2=products
t3,https://www.sephora.com/product/t3-fit-hair-dryer-P469539?icid2=products
t3,https://www.sephora.com/product/twirl-trio-P429717?icid2=products
t3,https://www.sephora.com/product/whirl-trio-interchangeable-styling-wand-P388707?icid2=products
t3,https://www.sephora.com/product/smooth-paddle-brush-P445441?icid2=products
t3,https://www.sephora.com/product/bodywaver-P422239?icid2=products
t3,https://www.sephora.com/product/singlepass-curl-1-25-professional-curling-iron-P428229?icid2=products
t3,https://www.sephora.com/product/t3-curl-id-1-25-smart-curling-iron-with-interactive-touch-interface-P463355?icid2=products
t3,https://www.sephora.com/product/cura-hair-dryer-P427913?icid2=products
t3,https://www.sephora.com/product/singlepass-wave-1-25-0-75-professional-styling-wand-P428228?icid2=products
tan-luxe,https://www.sephora.com/product/the-face-illuminating-self-tan-drops-P424988?icid2=products
tan-luxe,https://www.sephora.com/product/the-body-illuminating-self-tan-drops-P424989?icid2=products
tan-luxe,https://www.sephora.com/product/the-gradual-illuminating-gradual-tan-lotion-P424990?icid2=products
tan-luxe,https://www.sephora.com/product/super-glow-hyaluronic-self-tan-serum-P447199?icid2=products
tan-luxe,https://www.sephora.com/product/the-water-hydrating-self-tan-water-P424985?icid2=products
tan-luxe,https://www.sephora.com/product/tan-luxe-super-glow-body-hyaluronic-self-tan-serum-P456989?icid2=products
tan-luxe,https://www.sephora.com/product/wonder-oil-illuminating-self-tan-oil-P433440?icid2=products
tan-luxe,https://www.sephora.com/product/hydra-mousse-hydrating-self-tan-mousse-P424984?icid2=products
tan-luxe,https://www.sephora.com/product/the-butter-illuminating-tanning-butter-P424986?icid2=products
tan-luxe,https://www.sephora.com/product/tan-luxe-super-gloss-face-P470545?icid2=products
tan-luxe,https://www.sephora.com/product/sleep-oil-rejuvenating-miracle-tanning-oil-P424987?icid2=products
tan-luxe,https://www.sephora.com/product/glyco-water-self-tan-eraser-P432665?icid2=products
tarte,https://www.sephora.com/product/creaseless-concealer-P433206?icid2=products
tarte,https://www.sephora.com/product/amazonian-clay-12-hour-full-coverage-foundation-spf-15-P302918?icid2=products
tarte,https://www.sephora.com/product/tartelette-in-bloom-clay-eyeshadow-palette-P403812?icid2=products
tarte,https://www.sephora.com/product/amazonian-clay-12-hour-blush-P278610?icid2=products
tarte,https://www.sephora.com/product/sea-water-foundation-broad-spectrum-spf-15-P405102?skuId=1779164&icid2=products
tarte,https://www.sephora.com/product/tarte-tartelette-trade-juicy-amazonian-clay-eyeshadow-palette-P468416?icid2=products
tarte,https://www.sephora.com/product/bb-tinted-treatment-12-hour-primer-broad-spectrum-spf-30-sunscreen-P377542?icid2=products
tarte,https://www.sephora.com/product/lights-camera-lashes-P111902?icid2=products
tarte,https://www.sephora.com/product/tarte-sea-breezy-cream-bronzer-P456601?icid2=products
tarte,https://www.sephora.com/product/amazonian-clay-bb-tinted-moisturizer-broad-spectrum-spf-20-sunscreen-P67617?icid2=products
tarte,https://www.sephora.com/product/tarte-maracuja-tinted-hydrator-P456371?icid2=products
tarte,https://www.sephora.com/product/mini-creaseless-under-eye-concealer-P447364?icid2=products
taste-beauty,https://www.sephora.com/product/taste-beauty-succulent-lip-balm-P452693?icid2=products
tata-harper,https://www.sephora.com/product/regenerating-cleanser-P379710?icid2=products
tata-harper,https://www.sephora.com/product/clarifying-cleanser-P429954?icid2=products
tata-harper,https://www.sephora.com/product/resurfacing-mask-P379707?icid2=products
tata-harper,https://www.sephora.com/product/tata-harper-water-lock-moisturizer-with-skin-smoothing-peptides-P458917?icid2=products
tata-harper,https://www.sephora.com/product/re-storative-eye-creme-P386739?icid2=products
tata-harper,https://www.sephora.com/product/concentrated-brightening-essence-P449408?icid2=products
tata-harper,https://www.sephora.com/product/resurfacing-serum-P432048?icid2=products
tata-harper,https://www.sephora.com/product/repairative-moisturizer-P379709?icid2=products
tata-harper,https://www.sephora.com/product/purifying-cleanser-P392144?icid2=products
tata-harper,https://www.sephora.com/product/hydrating-floral-essence-P379705?icid2=products
tata-harper,https://www.sephora.com/product/creme-riche-velvet-moisturizing-cream-P422848?icid2=products
tata-harper,https://www.sephora.com/product/tatas-daily-essentials-P392143?icid2=products
tatcha,https://www.sephora.com/product/the-dewy-skin-cream-P441101?icid2=products
tatcha,https://www.sephora.com/product/the-water-cream-P418218?icid2=products
tatcha,https://www.sephora.com/product/the-deep-cleanse-P427536?icid2=products
tatcha,https://www.sephora.com/product/tatcha-the-rice-wash-skin-softening-cleanser-P461537?icid2=products
tatcha,https://www.sephora.com/product/violet-c-brightening-serum-vitamin-c-aha-P439058?icid2=products
tatcha,https://www.sephora.com/product/tatcha-the-liquid-silk-canvas-featherweight-protective-primer-P456446?icid2=products
tatcha,https://www.sephora.com/product/tatcha-the-dewy-serum-resurfacing-plumping-treatment-P466155?icid2=products
tatcha,https://www.sephora.com/product/tatcha-the-silk-powder-protective-setting-powder-P469546?icid2=products
tatcha,https://www.sephora.com/product/the-essence-plumping-skin-softener-P415771?icid2=products
tatcha,https://www.sephora.com/product/silken-pore-perfecting-sunscreen-broad-spectrum-spf-35-P408206?icid2=products
tatcha,https://www.sephora.com/product/the-silk-peony-melting-eye-cream-P447780?icid2=products
tatcha,https://www.sephora.com/product/tatcha-ritual-for-radiance-P462750?icid2=products
tocca,https://www.sephora.com/product/florence-P38221?icid2=products
tocca,https://www.sephora.com/product/tocca-mini-perfume-collection-set-P470553?icid2=products
tocca,https://www.sephora.com/product/tocca-discovery-collection-P456174?icid2=products
tocca,https://www.sephora.com/product/stella-P38220?icid2=products
tocca,https://www.sephora.com/product/cleopatra-P54900?icid2=products
tocca,https://www.sephora.com/product/florence-hair-fragrance-P419232?icid2=products
tocca,https://www.sephora.com/product/colette-collection-P270025?icid2=products
tocca,https://www.sephora.com/product/giulietta-P234438?icid2=products
tocca,https://www.sephora.com/product/florence-travel-spray-P392935?icid2=products
tocca,https://www.sephora.com/product/crema-veloce-hand-cream-set-P449745?icid2=products
tocca,https://www.sephora.com/product/gia-P440917?icid2=products
tocca,https://www.sephora.com/product/florence-rollerball-P386423?icid2=products
together-beauty,https://www.sephora.com/product/together-beauty-whatever-wherever-leave-in-conditioner-P446887?icid2=products
together-beauty,https://www.sephora.com/product/together-beauty-life-in-fast-lane-dry-shampoo-P463115?icid2=products
together-beauty,https://www.sephora.com/product/together-beauty-purple-reign-shampoo-P446878?icid2=products
together-beauty,https://www.sephora.com/product/together-beauty-love-lather-moisture-shampoo-P446885?icid2=products
together-beauty,https://www.sephora.com/product/together-beauty-day-dreamer-conditioner-with-anti-pollution-benefits-P446877?icid2=products
together-beauty,https://www.sephora.com/product/together-beauty-mini-life-in-fast-lane-dry-shampoo-P463970?icid2=products
together-beauty,https://www.sephora.com/product/together-beauty-dreamer-overnight-repair-mask-P446880?icid2=products
together-beauty,https://www.sephora.com/product/together-beauty-vx-volumizing-shampoo-P446884?icid2=products
together-beauty,https://www.sephora.com/product/together-beauty-sugar-wave-texturizing-spray-P446875?icid2=products
together-beauty,https://www.sephora.com/product/together-beauty-wash-co-cleansing-conditioner-P446889?icid2=products
together-beauty,https://www.sephora.com/product/together-beauty-flower-supply-hair-oil-P446882?icid2=products
together-beauty,https://www.sephora.com/product/together-beauty-out-office-travel-kit-P465370?icid2=products
tom-ford,https://www.sephora.com/product/eye-color-quad-P422568?icid2=products
tom-ford,https://www.sephora.com/product/soleil-blanc-shimmering-body-oil-P406527?icid2=products
tom-ford,https://www.sephora.com/product/satin-matte-P435852?icid2=products
tom-ford,https://www.sephora.com/product/tom-ford-soleil-blanc-mini-shimmering-body-oil-P456175?icid2=products
tom-ford,https://www.sephora.com/product/oud-wood-P393167?icid2=products
tom-ford,https://www.sephora.com/product/tobacco-vanille-P393151?icid2=products
tom-ford,https://www.sephora.com/product/soleil-blanc-P406526?icid2=products
tom-ford,https://www.sephora.com/product/fucking-fabulous-P429291?icid2=products
tom-ford,https://www.sephora.com/product/lost-cherry-P436489?icid2=products
tom-ford,https://www.sephora.com/product/black-orchid-P183301?icid2=products
tom-ford,https://www.sephora.com/product/gloss-luxe-lip-gloss-P449372?icid2=products
tom-ford,https://www.sephora.com/product/lip-color-matte-lipstick-P416222?icid2=products
too-faced,https://www.sephora.com/product/better-than-sex-mascara-P381000?icid2=products
too-faced,https://www.sephora.com/product/born-this-way-super-coverage-multi-use-sculpting-concealer-P432298?skuId=2223089&icid2=products
too-faced,https://www.sephora.com/product/lip-injection-extreme-lip-plumper-P378111?icid2=products
too-faced,https://www.sephora.com/product/born-this-way-P397517?icid2=products
too-faced,https://www.sephora.com/product/too-faced-teddy-bare-it-all-eye-shadow-palette-P470555?icid2=products
too-faced,https://www.sephora.com/product/too-faced-plump-prime-face-plumping-primer-serum-P467794?icid2=products
too-faced,https://www.sephora.com/product/diamond-light-highlighter-P426850?icid2=products
too-faced,https://www.sephora.com/product/better-than-sex-waterproof-mascara-P407908?icid2=products
too-faced,https://www.sephora.com/product/better-than-sex-mini-P425608?icid2=products
too-faced,https://www.sephora.com/product/too-faced-lip-injection-extreme-bee-sting-lip-plumper-P470557?icid2=products
too-faced,https://www.sephora.com/product/lip-injection-extreme-lip-plumper-mini-P425607?icid2=products
too-faced,https://www.sephora.com/product/too-faced-better-than-sex-volumizing-mascara-x-makeupshayla-P468422?icid2=products
topicals,https://www.sephora.com/product/topicals-faded-serum-for-dark-spots-discoloration-P470259?icid2=products
topicals,https://www.sephora.com/product/topicals-like-butter-mask-for-dry-sensitive-eczema-prone-skin-P470061?icid2=products
topicals,https://www.sephora.com/product/topicals-duo-for-dry-sensitive-skin-discoloration-P470260?icid2=products
tory-burch,https://www.sephora.com/product/tory-burch-P384967?icid2=products
tory-burch,https://www.sephora.com/product/tory-burch-deluxe-mini-duo-P443529?icid2=products
tory-burch,https://www.sephora.com/product/love-relentlessly-P48696122?icid2=products
tory-burch,https://www.sephora.com/product/tory-burch-rollerball-P384971?icid2=products
tory-burch,https://www.sephora.com/product/love-relentlessly-rollerball-P414624?icid2=products
tory-burch,https://www.sephora.com/product/deluxe-mini-duo-P433482?icid2=products
touch-in-sol,https://www.sephora.com/product/pretty-filter-mattish-liquid-eyeshadow-P447392?icid2=products
tower-28,https://www.sephora.com/product/beachplease-tinted-balm-blush-P449342?icid2=products
tower-28,https://www.sephora.com/product/shineon-lip-jelly-P448854?icid2=products
tower-28,https://www.sephora.com/product/sos-save-our-skin-daily-rescue-facial-spray-P448852?icid2=products
tower-28,https://www.sephora.com/product/tower-28-shineon-milky-lip-jelly-P462895?icid2=products
tower-28,https://www.sephora.com/product/tower-28-power-lip-cheek-duo-set-P471105?icid2=products
tower-28,https://www.sephora.com/product/tower-28-bronzino-illuminating-bronzer-P458281?icid2=products
tower-28,https://www.sephora.com/product/superdew-shimmer-free-highlight-balm-P448855?icid2=products
tower-28,https://www.sephora.com/product/sos-save-our-skin-daily-rescue-facial-spray-mini-P448853?icid2=products
trestique,https://www.sephora.com/product/mini-plumping-lip-balm-P429026?icid2=products
trestique,https://www.sephora.com/product/sugar-polish-plumping-balm-P429276?icid2=products
trestique,https://www.sephora.com/product/conceal-cover-correct-crayon-P416376?icid2=products
trestique,https://www.sephora.com/product/prime-color-lip-glaze-P431762?icid2=products
trestique,https://www.sephora.com/product/matte-color-shiny-balm-lip-crayon-P416380?icid2=products
trestique,https://www.sephora.com/product/magic-mattifying-balm-blotting-sheet-duo-P416573?icid2=products
trestique,https://www.sephora.com/product/tint-moisturize-blend-face-stick-P416379?icid2=products
tweezerman,https://www.sephora.com/product/brow-shaping-scissors-brush-P384903?icid2=products
tweezerman,https://www.sephora.com/product/promaster-lash-curler-P398357?icid2=products
tweezerman,https://www.sephora.com/product/pink-perfection-mini-slant-tweezer-P390932?icid2=products
tweezerman,https://www.sephora.com/product/hot-pink-slant-tweezer-P377005?icid2=products
tweezerman,https://www.sephora.com/product/stainless-steel-slant-tweezer-P375640?icid2=products
tweezerman,https://www.sephora.com/product/smooth-finish-facial-hair-remover-P389168?icid2=products
tweezerman,https://www.sephora.com/product/hot-pink-petite-tweeze-set-P377523?icid2=products
tweezerman,https://www.sephora.com/product/sephora-collection-tweezerman-rose-gold-tweezers-P460845?icid2=products
tweezerman,https://www.sephora.com/product/procurl-eyelash-curler-P230701?icid2=products
tweezerman,https://www.sephora.com/product/tweezerman-rose-gold-slant-tweezer-P463103?icid2=products
tweezerman,https://www.sephora.com/product/hot-pink-point-tweezer-P377004?icid2=products
tweezerman,https://www.sephora.com/product/mini-pink-perfection-tweezer-set-P442763?icid2=products
urban-decay,https://www.sephora.com/product/naked3-P384099?icid2=products
urban-decay,https://www.sephora.com/product/all-nighter-long-lasting-makeup-setting-spray-P263504?icid2=products
urban-decay,https://www.sephora.com/product/24-7-glide-on-eye-pencil-P133707?icid2=products
urban-decay,https://www.sephora.com/product/all-nighter-long-lasting-makeup-setting-spray-mini-P422455?icid2=products
urban-decay,https://www.sephora.com/product/urban-decay-naked-wild-west-eyeshadow-palette-P468712?icid2=products
urban-decay,https://www.sephora.com/product/all-nighter-long-lasting-makeup-setting-spray-jumbo-P436254?icid2=products
urban-decay,https://www.sephora.com/product/eyeshadow-primer-potion-tube-original-P284716?icid2=products
urban-decay,https://www.sephora.com/product/naked2-basics-P388225?icid2=products
urban-decay,https://www.sephora.com/product/stay-naked-weightless-foundation-P447143?icid2=products
urban-decay,https://www.sephora.com/product/heavy-metal-glitter-liner-P74312?icid2=products
urban-decay,https://www.sephora.com/product/urban-decay-all-nighter-face-primer-P454337?icid2=products
urban-decay,https://www.sephora.com/product/eyeshadow-primer-potion-original-mini-P422461?icid2=products
valentino,https://www.sephora.com/product/born-in-roma-P449116?icid2=products
valentino,https://www.sephora.com/product/valentino-voce-viva-eau-de-parfum-P462409?skuId=2370419&icid2=products
valentino,https://www.sephora.com/product/born-in-roma-travel-spray-P449117?icid2=products
valentino,https://www.sephora.com/product/valentino-voce-viva-mini-perfume-set-P467152?icid2=products
valentino,https://www.sephora.com/product/valentino-donna-yellow-dream-eau-de-parfum-P470063?icid2=products
valentino,https://www.sephora.com/product/valentino-voce-viva-eau-de-parfum-travel-spray-P462410?icid2=products
valentino,https://www.sephora.com/product/valentino-uomo-born-in-roma-P452943?skuId=2302099&icid2=products
valentino,https://www.sephora.com/product/valentino-uomo-yellow-dream-cologne-P470062?icid2=products
velour-lashes,https://www.sephora.com/product/effortless-lash-collection-P429277?icid2=products
velour-lashes,https://www.sephora.com/product/the-effortless-kit-P429278?icid2=products
velour-lashes,https://www.sephora.com/product/velour-lashes-vegan-luxe-collection-ultra-luxe-vegan-mink-lashes-P468423?icid2=products
velour-lashes,https://www.sephora.com/product/velour-lashes-lash-go-eyeliner-P456154?icid2=products
velour-lashes,https://www.sephora.com/product/lash-adhesive-P420513?icid2=products
velour-lashes,https://www.sephora.com/product/velour-lashes-fluff-n-brow-pencil-3-in-1-brow-pencil-balm-P460561?icid2=products
velour-lashes,https://www.sephora.com/product/fluff-n-glam-collection-P449091?icid2=products
velour-lashes,https://www.sephora.com/product/minimalist-mink-lash-collection-P447558?icid2=products
velour-lashes,https://www.sephora.com/product/too-easy-lash-applicator-P420514?icid2=products
velour-lashes,https://www.sephora.com/product/silk-lash-collection-P420510?icid2=products
velour-lashes,https://www.sephora.com/product/the-glamoureyes-kit-P449085?icid2=products
velour-lashes,https://www.sephora.com/product/velour-lashes-the-lotd-collection-P456369?icid2=products
verb-hair-care,https://www.sephora.com/product/verb-hair-care-ghost-weightless-shampoo-conditioner-jumbo-set-fine-hair-P471107?icid2=products
verb-hair-care,https://www.sephora.com/product/verb-ghost-weightless-hair-oil-P399992?icid2=products
verb-hair-care,https://www.sephora.com/product/ghost-conditioner-P421944?icid2=products
verb-hair-care,https://www.sephora.com/product/ghost-shampoo-P421945?skuId=1984996&icid2=products
verb-hair-care,https://www.sephora.com/product/hydrating-shampoo-conditioner-jumbo-set-dry-damaged-hair-P471108?icid2=products
verb-hair-care,https://www.sephora.com/product/verb-hair-care-purple-toning-hydrating-hair-mask-P457414?icid2=products
verb-hair-care,https://www.sephora.com/product/verb-hair-care-volume-dry-texture-spray-P468714?icid2=products
verb-hair-care,https://www.sephora.com/product/volume-shampoo-P410207?icid2=products
verb-hair-care,https://www.sephora.com/product/hydrating-conditioner-P399993?icid2=products
verb-hair-care,https://www.sephora.com/product/verb-hydrating-hair-treatment-mask-P406901?icid2=products
verb-hair-care,https://www.sephora.com/product/hydrating-shampoo-P399994?icid2=products
verb-hair-care,https://www.sephora.com/product/volume-conditioner-P410208?skuId=1823368&icid2=products
versace,https://www.sephora.com/product/bright-crystal-P163103?skuId=1063619&icid2=products
versace,https://www.sephora.com/product/versace-dylan-turquoise-P468856?icid2=products
versace,https://www.sephora.com/product/mini-duo-P435317?icid2=products
versace,https://www.sephora.com/product/eros-P382751?icid2=products
versace,https://www.sephora.com/product/dylan-blue-pour-femme-P429981?icid2=products
versace,https://www.sephora.com/product/bright-crystal-absolu-P385465?icid2=products
versace,https://www.sephora.com/product/pour-homme-P219907?icid2=products
versace,https://www.sephora.com/product/versace-bright-crystal-amd-bright-crystal-absolu-mini-coffret-P455378?icid2=products
versace,https://www.sephora.com/product/dylan-blue-P411325?icid2=products
versace,https://www.sephora.com/product/versace-dylan-turquoise-travel-spray-P468857?icid2=products
versace,https://www.sephora.com/product/bright-crystal-purse-spray-P399835?icid2=products
versace,https://www.sephora.com/product/versace-man-eau-fraiche-P169301?icid2=products
viktor-rolf,https://www.sephora.com/product/flowerbomb-P255506?icid2=products
viktor-rolf,https://www.sephora.com/product/null-P446119?icid2=products
viktor-rolf,https://www.sephora.com/product/flowerbomb-travel-duo-P261810?icid2=products
viktor-rolf,https://www.sephora.com/product/viktor-rolf-flowerbomb-mariage-eau-de-parfum-P471290?icid2=products
viktor-rolf,https://www.sephora.com/product/flowerbomb-mini-P426305?icid2=products
viktor-rolf,https://www.sephora.com/product/flowerbomb-nectar-P429082?icid2=products
viktor-rolf,https://www.sephora.com/product/spicebomb-P376737?icid2=products
viktor-rolf,https://www.sephora.com/product/viktor-rolf-flowerbomb-eau-de-parfum-set-P456977?icid2=products
viktor-rolf,https://www.sephora.com/product/bonbon-P397836?icid2=products
viktor-rolf,https://www.sephora.com/product/spicebomb-extreme-P405501?icid2=products
viktor-rolf,https://www.sephora.com/product/flowerbomb-midnight-P441723?icid2=products
viktor-rolf,https://www.sephora.com/product/spicebomb-night-vision-P445721?icid2=products
violet-voss,https://www.sephora.com/product/fun-sized-mini-eyeshadow-palette-P437714?icid2=products
violet-voss,https://www.sephora.com/product/violet-voss-sweet-violet-fun-sized-eyeshadow-palette-P454983?icid2=products
violet-voss,https://www.sephora.com/product/violet-voss-sea-you-later-eyeshadow-pressed-pigment-palette-P463493?icid2=products
violet-voss,https://www.sephora.com/product/the-rainbow-eyeshadow-palette-P429027?icid2=products
violet-voss,https://www.sephora.com/product/like-boss-palette-P429925?icid2=products
violet-voss,https://www.sephora.com/product/violet-voss-i-love-u-cherry-much-eyeshadow-palette-P468858?icid2=products
violet-voss,https://www.sephora.com/product/violet-voss-tie-dye-for-eyeshadow-palette-P466892?icid2=products
violet-voss,https://www.sephora.com/product/coral-crush-palette-P448850?icid2=products
violet-voss,https://www.sephora.com/product/violet-voss-sakura-blossom-eyeshadow-pressed-pigment-palette-copy-P460733?icid2=products
violet-voss,https://www.sephora.com/product/sugar-crystals-eyeshadow-palette-P442876?icid2=products
violet-voss,https://www.sephora.com/product/flamingo-pro-eye-shadow-palette-P433200?icid2=products
violet-voss,https://www.sephora.com/product/hashtag-pro-eyeshadow-palette-P428123?icid2=products
virtue,https://www.sephora.com/product/virtue-exfoliating-scalp-treatment-P460411?icid2=products
virtue,https://www.sephora.com/product/virtue-recovery-conditioner-P448734?icid2=products
virtue,https://www.sephora.com/product/virtue-healing-oil-P448865?icid2=products
virtue,https://www.sephora.com/product/virtue-restorative-treatment-mask-P448169?icid2=products
virtue,https://www.sephora.com/product/virtue-recovery-shampoo-P448733?icid2=products
virtue,https://www.sephora.com/product/virtue-create-6-in-1-styler-P448739?icid2=products
virtue,https://www.sephora.com/product/virtue-full-shampoo-P448729?icid2=products
virtue,https://www.sephora.com/product/virtue-full-conditioner-P448730?icid2=products
virtue,https://www.sephora.com/product/virtue-full-discovery-set-volumize-thicken-P455871?icid2=products
virtue,https://www.sephora.com/product/virtue-smooth-conditioner-P448732?icid2=products
virtue,https://www.sephora.com/product/virtue-volumizing-mousse-P455833?icid2=products
virtue,https://www.sephora.com/product/virtue-curl-defining-whip-P468719?icid2=products
viseart,https://www.sephora.com/product/viseart-eyeshadow-palette-P391306?icid2=products
viseart,https://www.sephora.com/product/viseart-paris-love-letter-etendu-eyeshadow-palette-P470064?icid2=products
viseart,https://www.sephora.com/product/viseart-midsommer-petit-pro-eyeshadow-palette-P463978?icid2=products
viseart,https://www.sephora.com/product/grande-pro-volume-2-P440073?icid2=products
viseart,https://www.sephora.com/product/viseart-corrector-contour-camouflage-hd-palette-P391305?icid2=products
viseart,https://www.sephora.com/product/viseart-minxette-eyeshadow-palette-P466161?icid2=products
viseart,https://www.sephora.com/product/warm-edit-eyeshadow-palette-P447164?icid2=products
viseart,https://www.sephora.com/product/viseart-solstice-petit-pro-eyeshadow-palette-P463979?icid2=products
viseart,https://www.sephora.com/product/libertine-eyeshadow-palette-P436925?icid2=products
viseart,https://www.sephora.com/product/petite-pro-4-apricotine-P443333?icid2=products
viseart,https://www.sephora.com/product/golden-hour-eyeshadow-palette-P425030?icid2=products
viseart,https://www.sephora.com/product/viseart-theory-palette-P408032?icid2=products
vital-proteins,https://www.sephora.com/product/collagen-peptides-P433638?icid2=products
vital-proteins,https://www.sephora.com/product/marine-collagen-P433640?icid2=products
vital-proteins,https://www.sephora.com/product/vital-proteins-hair-boost-P468237?icid2=products
vital-proteins,https://www.sephora.com/product/vital-proteins-collagen-peptides-capsules-P468238?icid2=products
vital-proteins,https://www.sephora.com/product/vital-proteins-beauty-boost-P468236?icid2=products
vital-proteins,https://www.sephora.com/product/matcha-collagen-P434358?skuId=2131472&icid2=products
vitruvi,https://www.sephora.com/product/stone-diffuser-P433630?icid2=products
vitruvi,https://www.sephora.com/product/organic-lavender-oil-P433637?icid2=products
vitruvi,https://www.sephora.com/product/organic-eucalyptus-essential-oil-P433633?icid2=products
vitruvi,https://www.sephora.com/product/vitruvi-dusk-blend-P448178?icid2=products
vitruvi,https://www.sephora.com/product/frankincense-essential-oil-P433631?icid2=products
vitruvi,https://www.sephora.com/product/organic-sweet-orange-essential-oil-P433634?icid2=products
vitruvi,https://www.sephora.com/product/organic-peppermint-essential-oil-P433632?icid2=products
vitruvi,https://www.sephora.com/product/pink-grapefruit-essential-oil-P433635?icid2=products
vitruvi,https://www.sephora.com/product/vitruvi-pacific-blend-P448179?icid2=products
vitruvi,https://www.sephora.com/product/geranium-essential-oil-P433636?icid2=products
vitruvi,https://www.sephora.com/product/sleep-face-body-mist-P440478?icid2=products
volition-beauty,https://www.sephora.com/product/celery-green-cream-with-hyaluronic-acid-peptides-P446929?icid2=products
volition-beauty,https://www.sephora.com/product/snow-mushroom-water-serum-P431746?icid2=products
volition-beauty,https://www.sephora.com/product/strawberry-c-serum-P442011?icid2=products
volition-beauty,https://www.sephora.com/product/yaupon-tea-glow-awakening-moisturizer-P467984?icid2=products
volition-beauty,https://www.sephora.com/product/prismatic-luminizing-shield-spf-50-P429656?icid2=products
volition-beauty,https://www.sephora.com/product/turmeric-brightening-polish-P421953?icid2=products
volition-beauty,https://www.sephora.com/product/volition-beauty-hibiscus-unspottable-correcting-oil-P454374?icid2=products
volition-beauty,https://www.sephora.com/product/volition-beauty-melted-popsicle-cleanser-P460854?icid2=products
volition-beauty,https://www.sephora.com/product/detoxifying-silt-gelee-mask-P421950?icid2=products
volition-beauty,https://www.sephora.com/product/apple-cider-vinegar-resurfacing-peel-pads-P440316?icid2=products
volition-beauty,https://www.sephora.com/product/screen-time-hydrating-mist-P450592?icid2=products
volition-beauty,https://www.sephora.com/product/eucalyptus-stretch-mark-minimizer-P430333?icid2=products
voluspa,https://www.sephora.com/product/voluspa-tahitian-coconut-vanilla-glass-jar-candle-P467272?icid2=products
voluspa,https://www.sephora.com/product/white-cypress-mini-glass-jar-candle-P451249?icid2=products
voluspa,https://www.sephora.com/product/spiced-goji-tarocco-orange-mini-glass-jar-candle-P451658?icid2=products
voluspa,https://www.sephora.com/product/mini-candle-trio-french-cade-goji-lychee-P436753?icid2=products
voluspa,https://www.sephora.com/product/french-cade-lavender-large-glass-jar-candle-P435108?icid2=products
voluspa,https://www.sephora.com/product/japonica-archive-set-P436754?icid2=products
voluspa,https://www.sephora.com/product/voluspa-vanilla-mini-tin-candle-set-P461554?icid2=products
voluspa,https://www.sephora.com/product/voluspa-tahitian-coconut-vanilla-home-diffuser-P469197?icid2=products
voluspa,https://www.sephora.com/product/voluspa-baltic-amber-glass-candle-P462415?icid2=products
voluspa,https://www.sephora.com/product/mini-candle-trio-nissho-soleil-baltic-amber-french-cade-lavender-P429551?icid2=products
voluspa,https://www.sephora.com/product/voluspa-vanilla-latte-glass-candle-P469207?icid2=products
voluspa,https://www.sephora.com/product/mini-candle-trio-panjore-lychee-japanese-plum-bloom-goji-tarocco-orange-P429550?icid2=products
wander-beauty,https://www.sephora.com/product/baggage-claim-gold-eye-masks-P428668?icid2=products
wander-beauty,https://www.sephora.com/product/baggage-claim-rose-gold-eye-masks-P437960?icid2=products
wander-beauty,https://www.sephora.com/product/on-the-glow-blush-illuminator-P407106?icid2=products
wander-beauty,https://www.sephora.com/product/nude-illusion-liquid-foundation-P437367?icid2=products
wander-beauty,https://www.sephora.com/product/mile-high-club-mascara-P442231?icid2=products
wander-beauty,https://www.sephora.com/product/wanderlust-powder-foundation-P411529?icid2=products
wander-beauty,https://www.sephora.com/product/unlashed-volume-curl-mascara-P414160?icid2=products
wander-beauty,https://www.sephora.com/product/dualist-matte-illuminating-concealer-P417143?icid2=products
wander-beauty,https://www.sephora.com/product/lip-retreat-oil-P444141?icid2=products
wander-beauty,https://www.sephora.com/product/trip-for-two-blush-bronzer-duo-P446789?icid2=products
wander-beauty,https://www.sephora.com/product/smooth-sailing-perfecting-primer-P441030?icid2=products
wander-beauty,https://www.sephora.com/product/wander-beauty-double-date-lip-cheek-tint-P460559?icid2=products
welleco,https://www.sephora.com/product/the-super-elixir-refill-P437503?icid2=products
welleco,https://www.sephora.com/product/welleco-super-elixir-greens-pineapple-lime-300g-refill-P454803?icid2=products
welleco,https://www.sephora.com/product/sleep-welle-fortified-calming-tea-P437509?icid2=products
welleco,https://www.sephora.com/product/welleco-super-elixir-greens-lemon-ginger-300g-refill-P454804?icid2=products
welleco,https://www.sephora.com/product/sleep-welle-fortified-calming-tea-refill-P437510?icid2=products
westman-atelier,https://www.sephora.com/product/westman-atelier-vital-skin-foundation-stick-P468429?icid2=products
westman-atelier,https://www.sephora.com/product/westman-atelier-baby-cheeks-blush-stick-P468431?icid2=products
westman-atelier,https://www.sephora.com/product/westman-atelier-lit-up-highlight-stick-P468430?icid2=products
westman-atelier,https://www.sephora.com/product/westman-atelier-face-trace-contour-stick-P468433?icid2=products
westman-atelier,https://www.sephora.com/product/westman-atelier-super-loaded-tinted-highlight-P468432?icid2=products
westman-atelier,https://www.sephora.com/product/westman-atelier-eye-pods-eyeshadows-P468436?icid2=products
westman-atelier,https://www.sephora.com/product/westman-atelier-beauty-butter-powder-bronzer-P468434?icid2=products
westman-atelier,https://www.sephora.com/product/westman-atelier-blender-brush-P468443?icid2=products
westman-atelier,https://www.sephora.com/product/westman-atelier-lip-suede-P468435?icid2=products
westman-atelier,https://www.sephora.com/product/westman-atelier-baby-blender-brush-P468440?icid2=products
westman-atelier,https://www.sephora.com/product/westman-atelier-eye-love-you-volumizing-mascara-P468437?icid2=products
westman-atelier,https://www.sephora.com/product/westman-atelier-foundation-brush-P468441?icid2=products
wishful-by-huda,https://www.sephora.com/product/wishful-by-huda-yo-glow-facial-enzyme-scrub-P455676?icid2=products
wishful-by-huda,https://www.sephora.com/product/wishful-by-huda-thirst-trap-juice-ha3-peptide-serum-P466163?icid2=products
wishful-by-huda,https://www.sephora.com/product/wishful-by-huda-honey-balm-niacinamide-moisturizer-P461213?icid2=products
wishful-by-huda,https://www.sephora.com/product/wishful-by-huda-mini-yo-glow-facial-enzyme-scrub-P458216?icid2=products
wishful-by-huda,https://www.sephora.com/product/wishful-by-huda-yo-detox-face-body-enzyme-scrub-P471111?icid2=products
wishful-by-huda,https://www.sephora.com/product/wishful-by-huda-get-even-rose-face-oil-P463665?icid2=products
wishful-by-huda,https://www.sephora.com/product/wishful-by-huda-chin-lift-sculpting-sheet-mask-P458215?icid2=products
wishful-by-huda,https://www.sephora.com/product/wishful-by-huda-clean-makeup-removing-cleansing-balm-P459143?icid2=products
wishful-by-huda,https://www.sephora.com/product/wishful-by-huda-thirst-trap-cocoon-mask-P458214?icid2=products
youth-to-the-people,https://www.sephora.com/product/kale-spinach-green-tea-age-prevention-cleanser-P411387?icid2=products
youth-to-the-people,https://www.sephora.com/product/superberry-hydrate-glow-dream-mask-P440307?icid2=products
youth-to-the-people,https://www.sephora.com/product/youth-to-the-people-yerba-mate-15-vitamin-c-brightening-serum-P466164?icid2=products
youth-to-the-people,https://www.sephora.com/product/kale-spinach-hyaluronic-acid-age-prevention-cream-P411388?icid2=products
youth-to-the-people,https://www.sephora.com/product/adaptogen-deep-moisture-cream-P432829?skuId=2088029&icid2=products
youth-to-the-people,https://www.sephora.com/product/youth-to-the-people-superclay-clay-purify-clear-power-mask-P470065?icid2=products
youth-to-the-people,https://www.sephora.com/product/youth-to-the-people-yerba-mate-fruit-enzyme-high-caffeine-resurfacing-facial-P455934?icid2=products
youth-to-the-people,https://www.sephora.com/product/superberry-hydrate-glow-oil-P430146?icid2=products
youth-to-the-people,https://www.sephora.com/product/youth-to-the-people-mini-superberry-hydrate-glow-dream-mask-P461555?icid2=products
youth-to-the-people,https://www.sephora.com/product/superfood-antioxidant-cleanser-mini-P441644?icid2=products
youth-to-the-people,https://www.sephora.com/product/youth-to-the-people-dream-eye-cream-with-goji-stem-cell-ceramides-P463144?icid2=products
youth-to-the-people,https://www.sephora.com/product/youth-to-the-people-mini-adaptogen-deep-moisture-cream-with-ashwagandha-reishi-P463371?icid2=products
yves-saint-laurent,https://www.sephora.com/product/black-opium-P394534?icid2=products
yves-saint-laurent,https://www.sephora.com/product/water-stain-lip-stain-P447356?icid2=products
yves-saint-laurent,https://www.sephora.com/product/all-hours-full-coverage-matte-foundation-P421456?icid2=products
yves-saint-laurent,https://www.sephora.com/product/libre-eau-de-parfum-P448102?icid2=products
yves-saint-laurent,https://www.sephora.com/product/rouge-volupte-shine-oil-in-stick-lipstick-P377710?icid2=products
yves-saint-laurent,https://www.sephora.com/product/yves-saint-laurent-all-hours-foundation-customizable-set-P462418?icid2=products
yves-saint-laurent,https://www.sephora.com/product/yves-saint-laurent-water-stain-glow-lip-stain-P463667?icid2=products
yves-saint-laurent,https://www.sephora.com/product/touche-eclat-radiance-perfecting-pen-P218431?icid2=products
yves-saint-laurent,https://www.sephora.com/product/mon-paris-eau-de-parfum-P410181?icid2=products
yves-saint-laurent,https://www.sephora.com/product/y-eau-de-parfum-P436005?icid2=products
yves-saint-laurent,https://www.sephora.com/product/yves-saint-laurent-libre-eau-de-toilette-P470066?icid2=products
yves-saint-laurent,https://www.sephora.com/product/touche-eclat-high-cover-radiant-concealer-P440971?icid2=products
7-virtues,https://www.sephora.com/product/vanilla-woods-eau-de-parfum-P428713?icid2=products
7-virtues,https://www.sephora.com/product/7-virtues-santal-vanille-eau-de-parfum-P468853?icid2=products
7-virtues,https://www.sephora.com/product/peace-blend-box-P428710?icid2=products
7-virtues,https://www.sephora.com/product/vanilla-woods-eau-de-parfum-rollerball-P428714?icid2=products
7-virtues,https://www.sephora.com/product/7-virtues-santal-vanille-eau-de-parfum-rollerball-P468854?icid2=products
7-virtues,https://www.sephora.com/product/7-virtues-vanilla-woods-gemstone-perfume-oil-P468852?icid2=products
7-virtues,https://www.sephora.com/product/7-virtues-blackberry-lily-eau-de-parfum-P455880?icid2=products
7-virtues,https://www.sephora.com/product/orange-blossom-eau-de-parfum-P428706?icid2=products
7-virtues,https://www.sephora.com/product/patchouli-citrus-eau-de-parfum-P428708?icid2=products
7-virtues,https://www.sephora.com/product/7-virtues-blackberry-lily-eau-de-parfum-rollerball-P455881?icid2=products
7-virtues,https://www.sephora.com/product/7-virtues-blackberry-lily-gemstone-perfume-oil-P468851?icid2=products
7-virtues,https://www.sephora.com/product/7-virtues-vanilla-woods-perfume-set-P463114?icid2=products
8greens,https://www.sephora.com/product/8greens-8greens-gummies-dietary-supplement-P452918?icid2=products
8greens,https://www.sephora.com/product/8greens-dietary-supplement-P437988?icid2=products
8greens,https://www.sephora.com/product/8greens-8greens-skin-tablet-P455912?icid2=products
